Student_ID,Student_Name,Attendance_%,Study_Hours_per_Week,Assignment_Marks(/20),Internal_Marks(/30),Previous_Marks(/100),Final_Marks(/100)
S001,Aarav Reddy,83.4,15.4,14,20,61,68
S002,Sai Kiran,68.6,17.2,16,23,83,66
S003,Lakshmi Prasanna,88.3,6.7,11,19,61,58
S004,Venkat Rao,90.3,12.4,16,21,76,67
S005,Ananya Sharma,58.5,11.6,8,15,54,46
S006,Praveen Kumar,65.7,10.8,14,22,63,55
S007,Sravani Devi,81.4,12.6,12,20,54,54
S008,Harsha Vardhan,76.5,21.5,14,23,62,72
S009,Divya Teja,79.8,9.7,13,20,77,65
S010,Karthik Naidu,70.6,18.8,11,14,44,55
S011,Meghana Chowdary,89.7,5.6,14,18,72,64
S012,Rohit Varma,88.6,12.3,12,20,69,63
S013,Bhavana Reddy,80.7,14.8,15,24,58,71
S014,Naveen Babu,92.4,16.9,12,18,47,57
S015,Keerthi Suresh,85.1,17.6,16,25,67,74
S016,Manoj Kumar,70.5,18.0,14,21,59,60
S017,Pooja Lakshmi,84.1,12.3,16,23,69,67
S018,Arjun Yadav,69.5,11.7,15,20,66,58
S019,Swathi Rani,89.7,18.3,17,27,87,84
S020,Charan Teja,79.5,13.0,13,20,63,55
S021,Nikhil Goud,78.0,7.6,10,14,53,49
S022,Harika Devi,72.5,8.3,13,20,68,58
S023,Suresh Babu,93.4,9.4,14,21,69,68
S024,Tejaswini Rao,78.3,16.5,14,27,84,78
S025,Vamsi Krishna,75.3,14.7,14,23,77,75
S026,Mounika Reddy,76.1,17.5,15,23,71,71
S027,Uday Kiran,85.9,11.9,20,25,85,71
S028,Sindhu Priya,84.0,14.8,15,18,51,56
S029,Rajesh Naik,84.5,17.1,13,23,58,58
S030,Anusha Chowdary,84.7,12.5,13,20,54,55
S031,Deepak Sharma,100.0,16.3,15,26,61,75
S032,Pavani Kumari,75.5,10.7,11,14,48,49
S033,Ramesh Chandra,74.4,12.2,14,22,74,62
S034,Jyothi Lakshmi,71.0,12.1,15,21,63,57
S035,Sandeep Reddy,86.8,8.0,11,15,47,47
S036,Navya Sri,92.4,16.4,15,23,53,58
S037,Girish Kumar,78.7,11.7,11,21,70,58
S038,Padmaja Devi,70.8,14.1,13,20,77,65
S039,Vinay Kumar,70.9,16.4,14,22,92,78
S040,Sowmya Rani,87.2,16.2,19,30,97,89
S041,Bharath Reddy,88.2,17.3,16,26,71,63
S042,Lavanya Naidu,86.0,13.5,13,19,53,57
S043,Kalyan Ram,72.7,11.9,8,17,38,44
S044,Priyanka Varma,82.6,13.6,14,19,69,64
S045,Tarun Sai,81.3,5.6,13,14,55,55
S046,Gayathri Devi,82.4,6.8,10,17,61,43
S047,Mahesh Babu,89.6,7.4,12,20,58,53
S048,Renuka Chowdary,82.5,9.0,15,18,64,61
S049,Dinesh Kumar,87.5,16.0,20,22,80,68
S050,Vaishnavi Rao,80.7,9.5,12,20,68,65
